domain,scraped_url,company_name,num_employees,parent_company,annual_sales
01net.com,www.01net.com,NEXTINTERACTIVE,184,NEXT RADIO TV,30.27M
20minutes.fr,www.20minutes.fr,20 MINUTES FRANCE,200,NA,22.53M
20minutos.es,www.20minutos.es,ADEVINTA HOLDCO SPAIN SL.,400,Adevinta Netherlands N.V.,181.93K
24tv.ua,24tv.ua,"TELERADIOKOMPANIYA LYUKS, AT",20,NA,4.10M
3news.com,www.3news.com,3NEWS,15,NA,1.35M
abc.net.au,www.abc.net.au,AUSTRALIAN BROADCASTING CORPORATION,3279,NA,0.71B
online-go.com,www.online-go.com,"Online-Go.com, Inc",1,NA,27.98K
abendblatt.de,www.abendblatt.de,Bergedorfer Buchdruckerei von Ed. Wagner GmbH,35,FUNKE Medien Hamburg GmbH,6.76M
abovetopsecret.com,www.abovetopsecret.com,"Km17629, LLC",6,NA,64.48K
abqjournal.com,www.abqjournal.com,Albuquerque Publishing Company,558,"Gannett Co., Inc.",73.55M
accuweather.com,corporate.accuweather.com,"Accuweather, Inc.",320,NA,58.72M
ad.nl,www.ad.nl,A.D. Schilderwerken,1,NA,305.95K
adelaidenow.com.au,www.adelaidenow.com.au.ezproxy.library.tufts.edu,ADVERTISER NEWSPAPERS PTY LIMITED,4491,THE HERALD AND WEEKLY TIMES PTY LIMITED,1.06B
adnkronos.com,www.adnkronos.com,ADN-KRONOS SPA AGENZIA GIORNALISTICA DI INFORMAZIONI,96,GMC GIUSEPPE MARRA COMMUNICATIONS SOCIETA' IN ACCOMANDITA PER AZIONI DI GIUSEPPE PASQUALE MARRA,24.15M
adweek.com,www.adweek.com.ezproxy.library.tufts.edu,Adweek LLC,3,NA,5.32M
aemet.es,www.aemet.es,AGENCIA ESTATAL DE METEOROLOGIA,6,NA,0.83M
afr.com,www.afr.com,ACM PRINT COMPANY PTY LTD,5141,ACM PRINT HOLDINGS PTY LTD,137.26M
agi.it,www.agi.it,AGENZIA GIORNALISTICA ITALIA SPA,106,ENI SPA,23.37M
ajc.com,www.ajc.com,AJC.COM,1,NA,34.18K
alarab.co.uk,www.alarab.co.uk,AL ARAB PUBLISHING HOUSE LIMITED,4,NA,213.21K
alarabiya.net,www.alarabiya.net,AL ARABIYA NEWS CHANNEL,31,NA,2.52M
aljazeera.com,www.aljazeera.com,ALJAZEERA MEDIA NETWORK,5000,NA,0.65B
alligator.org,www.alligator.org,Campus Communications Inc,125,NA,0.60M
allure.com,www.allure.com,"Allure Magazine, Inc.",28,NA,1.32M
alquds.co.uk,www.alquds.co.uk,AL-QUDS AL-ARABI PUBLISHING AND ADVERTISING (OVERSEAS) LIMITED,25,NA,169.21K
alternet.org,www.alternet.org,Independent Media Institute,16,NA,1.63M
america24.com,www.america24.com,IL Sole 24 Ore U.S.A. Inc.,5,NA,226.90K
ansa.it,www.ansa.it,AGENZIA ANSA AGENZIA NAZIONALE STAMPA ASSOCIATA SOC COOP,437,NA,74.20M
ap.org,www.ap.org,ASSOCIATED PRESS TELEVISION NEWS LIMITED,373,The Associated Press,119.82M
arkansasonline.com,www.arkansasonline.com,"Arkansas Democrat-Gazette, Inc.",779,"Wehco Newspapers, Inc.",98.28M
arktimes.com,www.arktimes.com,"Arkansas Times, Inc.",131,NA,14.82M
arstechnica.com,www.arstechnica.com,"ARS Technica, LLC",8,NA,90.21K
as.com,www.as-com.biz,as.com GmbH,2,NA,222.18K
askmen.com,www.askmen.com,Askmen.com Internet Solutions Ltd,15,NA,2.37M
aspentimes.com,www.aspentimes.com,"Before The Grind U.S.A., Inc",12,NA,1M
atlantico.fr,www.atlantico.fr,ATLANTICO,48,NA,24.96M
austinchronicle.com,www.austinchronicle.com,Austin Chronicle Corporation,55,NA,10.22M
austinfitmagazine.com,www.austinfitmagazine.com,"Austin Fit Magazine, L.P.",10,NA,1.67M
avmagazine.it,www.avmagazine.it,AV RAW SNC DI FRANCO BAIOCCHI E EMIDIO FRATTAROLI,1,NA,158.86K
avvenire.it,www.avvenire.it,AVVENIRE NUOVA EDITORIALE ITALIANA SPA,147,FONDAZIONE DI RELIGIONE SANTI FRANCESCO D'ASSISI E CATERINA DA SIENA,22.70M
baltimoresun.com,www.baltimoresun.com,The Baltimore Sun Company LLC,2017,Tribune Publishing Company,366.23M
barstoolsports.com,www.barstoolsports.com,"Barstool Sports, Inc.",104,NA,24.50M
bbc.co.uk,www.bbc.co.uk,BBC STUDIOS DISTRIBUTION LIMITED,881,BBC STUDIOS LIMITED,0.82B
beforeitsnews.com,www.beforeitsnews.com,Before It's News LLC,2,NA,425K
belfasttelegraph.co.uk,www.belfasttelegraph.co.uk,BELFAST TELEGRAPH NEWSPAPERS LIMITED,267,MEDIAHUIS UK GROUP LTD,17.27M
beppegrillo.it,www.beppegrillo.it,BEPPEGRILLO SRL,1,NA,66.02K
bild.de,www.bild.de,BILD GmbH,483,Axel Springer SE,62.12M
billoreilly.com,www.billoreilly.com,"Bill O'Reilly Productions, Inc.",6,NA,36.87K
birminghammail.co.uk,www.birminghammail.co.uk,CENTRAL INDEPENDENT NEWS AND MEDIA LIMITED,74,DAILY MAIL AND GENERAL INVESTMENTS LIMITED,11.95M
bismarcktribune.com,www.bismarcktribune.com,Medcenter One Mandan,1,Sanford Bismarck,11.22M
bizneworleans.com,www.bizneworleans.com,New Orleans Maritime Promotion,7,NA,110K
blacknews.com,www.blacknews.com,Melissa A Huelsman Law Offices,5,NA,128.39K
bleacherreport.com,www.bleacherreport.com,"Bleacher Report, Inc.",177,NA,10.75M
blitzquotidiano.it,www.blitzquotidiano.it,SOCIETA' EDITRICE MULTIMEDIALE A RESPONSABILITA' LIMITATA,11,NA,106.57K
blogsicilia.it,www.blogsicilia.it,SICILIAONDEMAND SRL,1,NA,271.01K
bloomberg.com,www.bloomberg.com.ezproxy.library.tufts.edu,Bloomberg L.P.,15000,NA,1.39B
bmj.com,www.bmj.com,BMA INVESTMENTS LIMITED,2,BRITISH MEDICAL ASSOCIATION,3.66M
bnd.com,www.bnd.com,The Belleville News Democrat,44,NA,2.21M
bndestem.nl,www.bndestem.nl,DPG Media B.V.,-1,DPG Media B.V.,39.68M
bnr.nl,www.bnr.nl,Business Nieuws Holding B.V.,45,FD Mediagroep B.V.,5.41M
bom.gov.au,www.bom.gov.au.ezproxy.library.tufts.edu,BUREAU OF METEOROLOGY,20,NA,61.21M
bostonglobe.com,www.bostonglobe.com,The Boston Globe LLC,2200,Ne Media Group Inc.,176.49M
bostonreview.net,www.bostonreview.net,"Boston Critic, Inc.",4,NA,0.72M
bournemouthecho.co.uk,www.bournemouthecho.co.uk,Daily Echo,7,NA,454.40K
breitbart.com,www.breitbart.com,"Breitbart News Network, LLC",60,NA,3.69M
bristolpost.co.uk,www.bristolpost.co.uk,EPOST INTERNATIONAL LTD,1,NA,1.89M
buffalonews.com,www.buffalonews.com,The Buffalo News Inc,900,"Lee Enterprises, Incorporated",139.41M
buienradar.nl,www.buienradar.nl,JCII B.V.,1,Stichting Administratiekantoor JCII,187.74K
bunte.de,www.bunte.de,Bunte Entertainment Verlag GmbH,98,BurdaVerlag GmbH,31.28M
businessinsider.com,www.businessinsider.com,BUSINESS INSIDER EUROPE LIMITED,80,NA,8.20M
businessinsider.com.au,www.businessinsider.com.au,Business Insider,3,NA,0.62M
buzzfeed.com,www.buzzfeed.com,BUZZFEED UK LIMITED,204,NA,17.40M
calgaryherald.com,www.calgaryherald.com,Calgary Herald,1,NA,417.17K
calgarysun.com,www.calgarysun.com,Calgary Sun- Calg,2,NA,0.61M
canarias7.es,www.canarias7.es,"INFORMACIONES CANARIAS, SA",100,NA,10.83M
canberratimes.com.au,www.canberratimes.com.au.ezproxy.library.tufts.edu,THE FEDERAL CAPITAL PRESS OF AUSTRALIA PTY. LIMITED,3350,REGIONAL PUBLISHERS PTY LTD,1.47B
capitalgazette.com,www.capitalgazette.com,Capital Gazette Communications Inc,425,NA,34.33M
cbc.ca,www.cbc.ca,Canadian Broadcasting Corporation,8112,Canadian Heritage,373.71M
cbsnews.com,www.cbsnews.com,CBS News Inc.,232,Paramount Global,25.75M
centredaily.com,www.centredaily.com,Nittany Printing and Publishing Company,1,Jck Legacy Company,253.40K
centrometeoitaliano.it,www.centrometeoitaliano.it,CENTRO METEO ITALIANO SRL,1,NA,0.61M
challenges.fr,www.challenges.fr,GROUPE CHALLENGE PNEUS,47,HOLDING SIMON,11.21M
chicagomaroon.com,www.chicagomaroon.com,Chicago Maroon,1,NA,277.49K
chicagoreader.com,www.chicagoreader.com,"CL Chicago, Inc.",1,"Sun-Times Media Holdings, LLC",2.71M
chicagotribune.com,www.chicagotribune.com,"Chicago Tribune Company, LLC",3070,Tribune Publishing Company,0.56B
christianpost.com,www.christianpost.com,The Christian Post,150,NA,16.14M
christiantoday.com,www.christiantoday.com,CHRISTIAN TODAY LIMITED,3,NA,89.13K
chroniclejournal.com,www.chroniclejournal.com,Chronicle Journal,3,NA,363.35K
chroniclelive.co.uk,www.chroniclelive.co.uk,NCJ MEDIA LIMITED,818,TIH (NEWCASTLE) LIMITED,31.19M
citizensvoice.com,www.citizensvoice.com,Citizens' Voice,66,NA,10.84M
citywire.co.uk,www.citywire.co.uk,CITYWIRE HOLDINGS LIMITED,180,NA,33.03M
cjonline.com,www.cjonline.com,Topeka Capital Journal,33,NA,2.32M
cjr.org,www.cjr.org,CJR VERTICAL LIMITED,9,NA,1.01M
clarionledger.com,www.clarionledger.com,Rankin Ledger,5,NA,235.78K
cleveland.com,www.cleveland.com,Cleveland.com,45,NA,0.62M
clubic.com,www.clubic.com,CLUBIC SAS,5,NA,3.93M
cnet.com,www.cnet.com,Cnet Networks Inc.,881,CBS Interactive Inc.,30.36M
coe.int,www.coe.int.ezproxy.library.tufts.edu,CONSEIL DE L EUROPE,250,NA,21.73M
columbian.com,www.columbian.com,The Columbian Publishing Company,384,NA,45.56M
columbiaspectator.com,www.columbiaspectator.com,Columbia Daily Spectator,44,NA,235.57K
commentcamarche.net,www.commentcamarche.net,IPOMO MBUTA RAOUL,1,NA,158.51K
commercialappeal.com,www.commercialappeal.com,Memphis Publishing Company,500,"Journal Media Group, Inc.",50.19M
commondreams.org,www.commondreams.org,Common Dreams,2,NA,1.57M
complex.com,www.complex.com,"Complex Media, Inc.",45,"Buzzfeed Media Enterprises, Inc.",42.49M
computerbase.de,www.computerbase.de,ComputerBase GmbH,6,NA,0.52M
computerbild.de,www.computerbild.de,COMPUTER BILD Digital GmbH,4,Axel Springer SE,462.46K
computerwoche.de,www.computerwoche.de,Freiberufler-Beratungs-Centrum,13,NA,1.27M
connect.de,www.we-connect.de,we-connect.de GmbH,3,NA,0.57M
consortiumnews.com,www.consortiumnews.com,Media Consortium,2,NA,112.88K
consumer.es,www.consumer.es,CECOSA HIPERMERCADOS SL,442,EROSKI S.C.,267.80M
corriere.it,www.corriere.it.ezproxy.library.tufts.edu,Il Corriere,3,NA,158.87K
corrieredellosport.it,www.corrieredellosport.it,CORRIERE DELLO SPORT SRL,42,NA,39.86M
cosmopolitan.com,www.cosmopolitan.com,Cosmopolitan Magazine,38,NA,0.77M
cosmopolitan.fr,www.cosmopolitan.fr,COSMOPOLITANE,2,NA,192.69K
courant.com,www.courant.com,The Hartford Courant Company LLC,750,Tribune Publishing Company,136.18M
crainsnewyork.com,www.crainsnewyork.com,Resource New York Inc,45,"Interface, Inc.",8.06M
crikey.com.au,www.crikey.com.au.ezproxy.library.tufts.edu,MAYNE MEDIA PTY LTD,4,NA,327.79K
csif.es,www.csif.es,CENTRAL SINDICAL INDEPENDIENTE Y DE FUNCIONARIOS,13,NA,0.56M
ctpost.com,www.ctpost.com,CT Home Hunter LLC,6,NA,225.40K
ctvnews.ca,www.ctvnews.ca,Ctv Atlantic,1,NA,180.35K
dagospia.com,www.dagospia.com,DAGOSPIA SPA,6,NA,2.68M
dailybreeze.com,www.dailybreeze.com,"National Media, Inc.",70,"Digital First Media, LLC",16.16M
dailycal.org,www.dailycal.org,"Independent Berkeley Student Publishing Company, Inc.",85,NA,237.64K
dailycaller.com,www.dailycaller.com,The Daily Caller,27,NA,2.72M
dailycamera.com,www.dailycamera.com,Daily Camera Newspapers In Education,8,NA,122.92K
dailygazette.com,www.dailygazette.com,Daily Gazette Company,340,NA,68.17M
dailyherald.com,www.dailyherald.com,"Paddock Publications, Inc.",450,NA,112.49M
dailykos.com,www.dailykos.com,"Kos Media, LLC",5,NA,1.30M
dailymail.co.uk,www.dailymail.co.uk,ASSOCIATED NEWSPAPERS LIMITED,1657,DMG MEDIA LIMITED,0.72B
dailynews.com,www.dailynews.com,Los Angeles Daily News Publishing Company,49,"Medianews Group, Inc.",2.81M
dailynorthwestern.com,www.dailynorthwestern.com,Meor Northwestern Inc Nfp,8,NA,73.72K
dailypress.com,www.dailypress.com,The Daily Press Inc,575,Tribune Publishing Company,104.40M
dailyprogress.com,www.dailyprogress.com,The Daily Progress,13,NA,462.05K
dailyrecord.co.uk,www.dailyrecord.co.uk,MEDIA SCOTLAND LIMITED,400,MGL2 LIMITED,59.37M
dailystar.co.uk,www.dailystar.co.uk,DAILY STAR LIMITED,7,NA,452.59K
dailytelegraph.com.au,www.dailytelegraph.com.au.ezproxy.library.tufts.edu,THE EASTERN PALACE CHINESE RESTAURANT PTY LTD,5,NA,381.97K
dday.it,www.dday.it,SCRIPTA MANENT SERVIZI EDITORIALI SRL,1,NA,0.76M
deadspin.com,www.deadspin.com,Deadspin Golf Inc.,5,NA,47.30K
decorrespondent.nl,www.decorrespondent.nl,De Correspondent B.V.,56,NA,4.29M
defensenews.com,www.defensenews.com,Defense News,47,NA,0.60M
delawareonline.com,www.delawareonline.com,The Dover Post Co Inc,140,NA,8.09M
delcotimes.com,www.delcotimes.com,Head Courters,9,NA,115.17K
democratandchronicle.com,www.democratandchronicle.com,Brighton-Pittsford Post,6,NA,147.41K
denverpost.com,www.denverpost.com,The Denver Post LLC,1700,"Medianews Group, Inc.",385.82M
derwesten.de,www.derwesten.de,Thomas Sprenger,4,NA,187.83K
desmoinesregister.com,www.desmoinesregister.com,Des Moines Register and Tribune Company,800,Gannett Media Corp.,147.98M
destentor.nl,www.destentor.nl,Christelijke Maatschappelijke Vrouwenbeweging Passage Warnsveld Dorp,6,NA,29.44K
detroitnews.com,www.detroitnews.com,"Detroit Red Wings, Inc.",1,"Ilitch Holdings, Inc.",21.27M
diariodemallorca.es,www.diariodemallorca.es,"EDITORA BALEAR, SA",88,PROVISO 1812 S.A.,6.54M
diariodenavarra.es,www.diariodenavarra.es,DIARIO DE NAVARRA SAU,100,"LA INFORMACION, SA",20.94M
diariosur.es,www.diariosur.es,PRENSA MALAGUEÑA SA,66,VOCENTO GESTION DE MEDIOS Y SERVICIOS SL.,10.56M
diariovasco.com,www.diariovasco.com,"SOCIEDAD VASCONGADA DE PUBLICACIONES, SOCIEDAD ANONIMA",119,VOCENTO CORPORACION DE MEDIOS DEL PAIS VASCO SOCIEDAD LIMITADA.,35.40M
digg.com,www.digg.com,Digg Inc.,28,NA,0.51M
drimble.nl,www.drimble.nl,"Stichting voor het Middelbaar Beroepsonderwijs, op Basis van Samenwerking, in de IJmond en het Haarlemse Gebied",437,NA,1.87M
duic.nl,www.duic.nl,DUIC B.V.,4,Divers B.V.,309.51K
duluthnewstribune.com,www.duluthnewstribune.com,Duluth News Tribune,179,Forum Communications Company,6.79M
durangoherald.com,www.durangoherald.com,Durango Gravel,5,NA,1.10M
dutchnews.nl,www.dutchnews.nl,Dutch News Digest,3,NA,0.51M
dvhn.nl,www.dvhn.nl,Houthandel Waninge B.V.,4,NA,130.10K
ecodibergamo.it,www.ecodibergamo.it,SOC EDITRICE SS. ALESSANDRO AMBROGIO BASSIANO SPA,62,DIOCESI DI BERGAMO,23.85M
economiadigital.es,www.economiadigital.es,ECONOMIA DIGITAL SL.,21,NA,2.61M
economist.com,www.economist.com.ezproxy.library.tufts.edu,ECONOMIST NEWSPAPER LIMITED(THE),1312,NA,405.12M
egaliteetreconciliation.fr,www.egaliteetreconciliation.fr,EGALITE,1,NA,294.41K
elcomercio.es,www.elcomercio.es,EL COMERCIO SA,78,VOCENTO GESTION DE MEDIOS Y SERVICIOS SL.,11.77M
elconfidencial.com,www.elconfidencial.com,TITANIA COMPAÑIA EDITORIAL SL,154,NA,22.43M
elcorreo.com,www.elcorreo.com,DIARIO EL CORREO SOCIEDAD ANONIMA,169,VOCENTO CORPORACION DE MEDIOS DEL PAIS VASCO SOCIEDAD LIMITADA.,47.53M
eldia.es,www.eldia.es,EDITORIAL LEONCIO RODRIGUEZ SA,75,EPIGRAFICAS SL,5.86M
eldiario.es,www.eldiario.es,DIARIO DE PRENSA DIGITAL SL.,91,NA,11.01M
eldiariomontanes.es,www.eldiariomontanes.es,EDITORIAL CANTABRIA SA,79,VOCENTO GESTION DE MEDIOS Y SERVICIOS SL.,15.67M
eleconomista.es,www.eleconomista.es,"EDITORIAL ECOPRENSA, SA",130,NA,16.50M
elevenwarriors.com,www.elevenwarriors.com,"Eleven Warriors, LLC",3,NA,0.66M
elle.fr,www.elle.fr,ELLE,3,NA,1.04M
elmundo.es,www.elmundo.es,"UNIDAD EDITORIAL, SA",399,RIZZOLI CORRIERE DELLA SERA MEDIAGROUP SPA,134.16M
elnacional.cat,www.elnacional.cat,GRUP LES NOTICIES DE CATALUNYA SL.,41,CORPORACIO LES NOTICIES DE CATALUNYA SL.,3.93M
elnortedecastilla.es,www.elnortedecastilla.es,"EL NORTE DE CASTILLA, SOCIEDAD ANONIMA",109,VOCENTO GESTION DE MEDIOS Y SERVICIOS SL.,14.87M
elpais.com,www.elpais.com,EDICIONES EL PAIS SL,396,DIARIO EL PAIS SL,110.75M
elperiodico.com,www.elperiodico.com,EL PERIODICO DE CATALUNYA SL.,200,EDICIONES PRIMERA PLANA SA,33.92M
eltiempo.es,www.eltiempo.es,EL TIEMPO PREVISTO SLU,39,Pelmorex Corp,6.82M
emerce.nl,www.emerce.nl,Emerce B.V.,25,Digital Revolution Media B.V.,3.25M
emissourian.com,www.emissourian.com,The Missourian Publishing Co,105,NA,13.69M
epochtimes.de,www.epochtimes.de,Epoch Times Europe GmbH,5,NA,0.73M
espn.com,www.espn.com,Espn Productions Inc,1250,"Espn, Inc.",0.56B
espncricinfo.com,www.espncricinfo.com,ESPN SPORTS MEDIA LIMITED,73,ESPN GLOBAL VENTURES LIMITED,32.73M
esquire.com,www.esquire.com,She Mag,621,NA,40.31M
estrepublicain.fr,www.estrepublicain.fr,SOCIETE DU JOURNAL L'EST REPUBLICAIN,540,BANQUE FEDERATIVE DU CREDIT MUTUEL,87.16M
europapress.es,www.europapress.es,EUROPA PRESS DELEGACIONES SA,219,HEREDIA 3G SA.,12.50M
evous.fr,www.evous.fr,SYNDICAT MIXTE DE L'OPERA ANGERS NANTES,100,NA,9.80M
expansion.com,www.expansion.com,UNIDAD EDITORIAL INFORMACION ECONOMICA SL,100,"UNIDAD EDITORIAL, SA",20.47M
express.co.uk,www.express.co.uk,EXPRESS NEWSPAPERS,404,REACH NETWORK MEDIA LIMITED,200.49M
fairfieldcitizenonline.com,www.fairfieldcitizenonline.com,Fairfield Citizen,7,NA,49.53K
farodevigo.es,www.farodevigo.es,FARO DE VIGO SA,150,EPIGRAFICAS SL,18.24M
faz.net,www.faz.net,Frankfurter Allgemeine Zeitung Gesellschaft mit beschränkter Haftung,748,FAZIT-STIFTUNG Gemeinnützige Verlagsgesellschaft mbH,262.09M
fivethirtyeight.com,www.fivethirtyeight.com,Fivethirtyeight,11,NA,0.60M
floridatoday.com,www.floridatoday.com,Rk Real Estate Holding LLC,3,NA,123.51K
focus.de,www.focus.de,Focus Magazin Verlag GmbH,155,BurdaVerlag GmbH,32.67M
foxbusiness.com,www.foxbusiness.com,"Fox Business Advisors, LLC",9,NA,204.10K
foxnews.com,www.foxnews.com,"Fox News Network, LLC",980,Fox Corporation,0.85B
foxsports.com,www.foxsports.com,"Fox Sports, Inc.",150,"Fox Entertainment Group, LLC",192.62M
france24.com,www.france24.com,FRANCE MEDIAS MONDE PUBLICITE,3,FRANCE MEDIAS MONDE,357.27K
francetvinfo.fr,www.francetvinfo.fr,FRANCE TELEVISIONS,9021,AGENCE DES PARTICIPATIONS DE L'ETAT,3.55B
fredericknewspost.com,www.fredericknewspost.com,"Randall Family, LLC",220,NA,34.35M
freep.com,www.freep.com,"Detroit Free Press, Inc.",325,"Medianews Group, Inc.",49.68M
freerepublic.com,www.freerepublic.com,Free Republic LLC,3,NA,81.61K
frenchweb.fr,www.frenchweb.fr,AG'TECH,1,NA,155.06K
gainesville.com,www.gainesville.com,Gainesville Sun Publishing Company,293,"Halifax Media Holdings, LLC",36.90M
gala.de,www.gold-gala.de,Andreas Ellermann,1,NA,67.60K
gamesradar.com,www.gamesradar.com,Newsrama Newsagents,2,NA,109.24K
gazeta.ru,www.gazeta.ru,"GAZETA.RU, AO",101,"RAMBLER&KO MEDIA, OOO",3.73M
gazette.com,www.gazette.com,The Gazette,29,NA,1.53M
news-gazette.com,www.news-gazette.com,The News-Gazette Inc,400,NA,65.41M
gazzetta.it,www.gazzetta.it,"Gazzetta Publishing Co Ltd, La",3,NA,363.35K
gazzettadiparma.it,www.gazzettadiparma.it,GAZZETTA DI PARMA SRL,62,GAZZETTA DI PARMA FINANZIARIA SPA,16.54M
gds.it,www.gds.it,GIORNALE DI SICILIA EDITORIALE POLIGRAFICA SPA,61,APE SRL,7.17M
gearpatrol.com,www.gearpatrol.com,"Gear Patrol, LLC",24,NA,5.90M
gelderlander.nl,www.gelderlander.nl,DG B.V.,1,NA,184.75K
givemesport.com,www.givemesport.com,SPORTS NEW MEDIA LIMITED,22,SPORTS NEW MEDIA HOLDINGS LIMITED,2.60M
gizmodo.com,www.gizmodo.com,Gizmodo Gallery,10,NA,0.65M
globalissues.org,www.globalissues.org,Global Issues Incorporated,5,NA,73.34K
globalresearch.ca,www.globalresearch.ca,Centre For Research On Globalization,5,NA,0.70M
globalsecurity.org,www.globalsecurity.org,Global Security Organization,16,NA,0.55M
globalvoices.org,www.globalvoices.org,Stichting Global Voices,5,NA,27.17K
globegazette.com,www.globegazette.com,Forest City Publishing Co.,18,NA,276.66K
goal.com,www.goal.com,"Goal.com North America, Inc.",14,NA,492.51K
golem.de,www.golem.de,Golem Media GmbH,26,Computec Media GmbH,1.93M
good.is,www.good.is,"Good Worldwide, LLC",44,NA,3.60M
goodnewsnetwork.org,www.goodnewsnetwork.org,Good News Network,8,NA,195.54K
govtrack.us,www.govtrack.us,The Congress LLC,4,NA,71.34K
gq.com,www.gq.com,"<zhi Zu> Magazine Publisher Co., Ltd.",500,NA,9.98M
grandforksherald.com,www.grandforksherald.com,"Grand Forks Herald, Incorporated",2,The Form Communications Inc,7.19M
grantland.com,www.grantland.com,Dan Handyman,6,NA,63.03K
greensboro.com,www.greensboro.com,"Greensboro News & Record, LLC",600,"Bh Media Group, Inc.",86.26M
greenwichtime.com,www.greenwichtime.com,Old Greenwich Fitness Club LLC,9,NA,0.52M
gwinnettdailypost.com,www.gwinnettdailypost.com,"Gray Publishing, LLC",120,"Triple Crown Media, LLC",17.21M
handelsblatt.com,www.handelsblatt.com,Handelsblatt GmbH,500,HANDELSBLATT MEDIA GROUP GMBH & CO. KG,101.40M
harpers.org,www.harpers.org,Harper's Magazine Foundation,48,NA,10.58M
harpersbazaar.com,www.harpersbazaar.com,Harper's Bazaar,800,NA,51.93M
haz.de,www.haz.de,Laporte·Kartenshop GmbH,28,Verlagsgesellschaft Madsack GmbH & Co. KG,0.56M
heise.de,www.heise.de.ezproxy.library.tufts.edu,Heise Medien GmbH & Co. KG,250,Heise Gruppe GmbH & Co. KG,51.38M
heraldextra.com,www.heraldextra.com,5050 Properties LLC,5,NA,165K
heraldmailmedia.com,www.heraldmailmedia.com,Herald-Mail Company,230,"Schurz Communications, Inc.",26.82M
heraldnet.com,www.heraldnet.com,The Daily Herald Company,282,Graham Holdings Company,36.86M
heraldo.es,www.heraldo.es,HERALDO DE ARAGON EDITORA SL,105,HENNEO MEDIA SA.,18.86M
heraldsun.com.au,www.heraldsun.com.au.ezproxy.library.tufts.edu,LEADER ASSOCIATED NEWSPAPERS PTY. LTD.,10600,THE HERALD AND WEEKLY TIMES PTY LIMITED,0.96B
heraldtribune.com,www.heraldtribune.com,Sarasota Herald-Tribune,740,"Halifax Media Holdings, LLC",89.69M
hitc.com,www.hitc.com,ENTREPRENEUR LIMITED,1,NA,47.58K
hna.de,www.hna.de,Verlag Dierichs GmbH & Co. KG,500,ZHH Zeitungsholding Hessen GmbH & Co. KG,74.36M
houstonchronicle.com,www.houstonchronicle.com,Houston Chronicle Employees Federal Credit Union,3,NA,0.80M
houstonpress.com,www.houstonpress.com,Houston Press LP,1,"Voice Media Group, Inc.",3.46M
hoy.es,www.hoy.es,"CORPORACION DE MEDIOS DE EXTREMADURA, SA",56,VOCENTO GESTION DE MEDIOS Y SERVICIOS SL.,5.09M
huffingtonpost.co.uk,www.huffingtonpost.co.uk,HUFFPOST UK LIMITED,3,BUZZFEED UK LIMITED,0.66M
huffingtonpost.fr,www.huffingtonpost.fr,G. T. I.,1,NA,208.26K
hwupgrade.it,www.hwupgrade.it,HARDWARE UPGRADE SRL,11,NA,1.15M
ibj.com,www.ibj.com,Ibj Corporation,75,NA,10.27M
ibtimes.co.uk,www.ibtimes.co.uk,International Business Times,30,NA,1.95M
ideal.es,www.ideal.es,CORPORACION DE MEDIOS DE ANDALUCIA SA,98,VOCENTO GESTION DE MEDIOS Y SERVICIOS SL.,12.61M
ilcentro.it,www.ilcentro.it,IL CENTRO SPA,42,NA,5.99M
ilfattoquotidiano.it,www.ilfattoquotidiano.it,SOCIETA' EDITORIALE IL FATTO SPA IN BREVE SEIF SPA,150,NA,38.48M
ilfoglio.it,www.ilfoglio.it,IL FOGLIO QUOTIDIANO SOC COOP,26,NA,6.62M
ilgazzettino.it,www.ilgazzettino.it,IL GAZZETTINO SPA,79,CALTAGIRONE EDITORE SPA,25.82M
ilgiornale.it,www.ilgiornale.it,SOCIETA' EUROPEA DI EDIZIONI SPA,98,PBF SRL,21M
ilmattino.it,www.ilmattino.it,IL MATTINO SPA,60,CALTAGIRONE EDITORE SPA,17.69M
ilmessaggero.it,www.ilmessaggero.it,IL MESSAGGERO SPA,128,CALTAGIRONE EDITORE SPA,50.35M
ilmeteo.it,www.ilmeteo.it,ILMETEO SRL,11,MEFIN SRL,12.75M
ilsole24ore.com,www.ilsole24ore.com,IL SOLE 24 ORE SPA,794,NA,231.92M
iltempo.it,www.iltempo.it,IL TEMPO. SRL,27,FINANZIARIA TOSINVEST SPA,4.83M
independent.co.uk,www.independent.co.uk,INDEPENDENT DIGITAL NEWS AND MEDIA LIMITED,200,NA,56.29M
indystar.com,www.indystar.com,Indiana Newspapers LLC,1300,Gannett Media Corp.,240.48M
inews.co.uk,www.inews.co.uk,MEDIAHUIS UK FINANCE PLC,2,MEDIAHUIS UK GROUP LTD,4.16M
infolibre.es,www.infolibre.es,EDICIONES PRENSA LIBRE SL.,24,NA,1.56M
infowars.com,www.infowars.com,"Free Speech Systems, LLC",41,NA,7.33M
inquisitr.com,www.inquisitr.com,INQUISITR LTD,61,NA,5.78M
internazionale.it,www.internazionale.it,INTERNAZIONALE SPA,42,NA,12.03M
irishcentral.com,www.irishcentral.com,"Irish Tribune, Inc",28,SMURFIT KAPPA PACKAGING LIMITED,8.57M
jacksonville.com,www.jacksonville.com,Jacksonville Winsupply,6,NA,11.47M
journalnow.com,www.journalnow.com,Salem Winston Journal,41,NA,3.22M
journalstar.com,www.journalstar.com,Journal-Star Printing Co.,465,"Lee Enterprises, Incorporated",72.03M
journaltimes.com,www.journaltimes.com,The Journal Times,13,NA,154.96K
jpost.com,www.jpost.com,JERUSALEM POST PUBLICATIONS LTD.,30,JERUSALEM POST LTD,2.08M
jsonline.com,www.jsonline.com,Journal Sentinel Inc.,1820,"Gannett Co., Inc.",239.90M
jungefreiheit.de,www.jungefreiheit.de,JUNGE FREIHEIT Verlag GmbH & Co.KG,43,JUNGE FREIHEIT Treuhand GmbH Gesellschaft für Kapitalbeteiligungen,4.84M
kenoshanews.com,www.kenoshanews.com,United Communications Corporation,600,NA,27.82M
kentonline.co.uk,www.kentonline.co.uk,KM MEDIA GROUP LIMITED,120,ILIFFE MEDIA GROUP LIMITED,9.26M
kicker.de,www.kicker.de,Kicker Ventures GmbH,2,Olympia-Verlag GmbH,375.48K
kitsapsun.com,www.kitsapsun.com,Kitsap Sun,45,NA,1.25M
kitv.com,www.kitv.com,"Kitv, Inc.",4,"Sjl of Pennsylvania, Inc",1.44M
knmi.nl,www.knmi.nl.ezproxy.library.tufts.edu,Koninklijk Nederlands Meteorologisch Instituut,4,Ministerie van Infrastructuur en Waterstaat,27.17K
knoxnews.com,www.knoxnews.com,Knoxville News-Sentinel Company,580,"Journal Media Group, Inc.",304.92K
kp.ru,www.kp.ru,"ID KOMSOMOLSKAYA PRAVDA, AO",674,NA,42.33M
ksta.de,www.ksta.de,"KELNER SHTADT-ANTSAIGER, KORPUNKT",2,NA,141.72K
l1.nl,www.l1.nl,Stichting Omroep Limburg,99,NA,16.25M
lacrossetribune.com,www.lacrossetribune.com,La Crosse Tribune,1,NA,1.33M
ladbible.com,www.ladbible.com,Rateourstudentlife,4,NA,205.88K
ladepeche.fr,www.ladepeche.fr,SNC TOULOUSE TMA PLACE CENTRALE,7,NA,29.60M
lagacetadesalamanca.es,www.lagacetadesalamanca.es,"GRUPO PROMOTOR SALMANTINO, SA",56,NA,7.61M
laleggepertutti.it,www.laleggepertutti.it,LALEGGEPERTUTTI SRL,3,NA,0.98M
lalsace.fr,www.lalsace.fr,SOCIETE ALSACIENNE DE PUBLICATIONS - L'ALSACE,226,BANQUE FEDERATIVE DU CREDIT MUTUEL,39.62M
lamontagne.fr,www.lamontagne.fr,LA MONTAGNE,614,NA,210.86M
lanazione.it,www.lanazione.it,CENTRO STAMPA POLIGRAFICI SRL,79,POLIGRAFICI PRINTING SPA,26.11M
lancasteronline.com,www.lancasteronline.com,Sunday News,120,NA,13.44M
lanouvellerepublique.fr,www.lanouvellerepublique.fr,LA NOUVELLE REPUBLIQUE DU CENTRE OUEST,432,NA,97.28M
lansingstatejournal.com,www.lansingstatejournal.com,"Lansing Newspapers In Education, Inc.",9,NA,97.59K
laopinioncoruna.es,www.laopinioncoruna.es,LA OPINION DE LA CORUÑA SLU,45,EPIGRAFICAS SL,2.70M
laopiniondemalaga.es,www.laopiniondemalaga.es,LA OPINION DE MALAGA SL,33,EPIGRAFICAS SL,2.37M
laopiniondemurcia.es,www.laopiniondemurcia.es,LA OPINION DE MURCIA SA,40,EPIGRAFICAS SL,3.23M
laopiniondezamora.es,www.laopiniondezamora.es,LA OPINION DE ZAMORA SA,33,EPIGRAFICAS SL,2.77M
laprovincia.es,www.laprovincia.es,"EDITORIAL PRENSA CANARIA, SA",90,EPIGRAFICAS SL,8.93M
larazon.es,www.larazon.es,AUDIOVISUAL ESPAÑOLA 2000 SA,217,PLANETA CORPORACION SL,43.19M
lasprovincias.es,www.lasprovincias.es,FEDERICO DOMENECH SA,79,VOCENTO GESTION DE MEDIOS Y SERVICIOS SL.,12.06M
lasvegassun.com,www.lasvegassun.com,"Las Vegas Sun, Inc.",100,The Greenspun Corporation,21.96M
latimes.com,www.latimes.com.ezproxy.library.tufts.edu,Woods Travel Store,4,NA,228K
lavanguardia.com,www.lavanguardia.com,LA VANGUARDIA EDICIONES SLU,250,GRUPO GODO DE COMUNICACION SA,77.64M
laverdad.es,www.laverdad.es,LA VERDAD MULTIMEDIA SA,82,VOCENTO GESTION DE MEDIOS Y SERVICIOS SL.,9.39M
lavoixdunord.fr,www.lavoixdunord.fr,LA VOIX FM,55,LA VOIX DU NORD,6.72M
lavozdegalicia.es,www.lavozdegalicia.es,LA VOZ DE GALICIA SA,291,CORPORACION VOZ DE GALICIA SL,47.36M
lavozdigital.es,www.lavozdigital.es,CORPORACION DE MEDIOS DE CADIZ SL,20,VOCENTO GESTION DE MEDIOS Y SERVICIOS SL.,0.76M
lbc.co.uk,www.lbc.co.uk,LBC RADIO LIMITED,30,GLOBAL RADIO HOLDINGS LIMITED,29.21M
lebonbon.fr,www.lebonbon.fr,LE BONBON,20,NA,2.23M
ledauphine.com,www.ledauphine.com,LE DAUPHINE LIBERE,635,SOCIETE D'INVESTISSEMENTS MEDIAS,114.76M
lefigaro.fr,www.lefigaro.fr,SOCIETE DU FIGARO,880,GROUPE FIGARO,365.03M
leggo.it,www.leggo.it,LEGGO SRL,13,CALTAGIRONE EDITORE SPA,3.29M
legorafi.fr,www.legorafi.fr,GORAFI NEWS NETWORK,1,NA,62.55K
lehighvalleylive.com,www.lehighvalleylive.com,"Lehigh Valley Community Mental Health Centers, Inc.",44,NA,2.39M
lemonde.fr,www.lemonde.fr,SOCIETE EDITRICE DU MONDE,1268,LE MONDE LIBRE,180.65M
leparisien.fr,www.leparisien.fr,LE PARISIEN LIBERE,500,UFIPAR,208.46M
lepoint.fr,www.lepoint.fr,SOCIETE D'EXPLOITATION DE L'HEBDOMADAIRE LE POINT,250,ARTEMIS,76.41M
leprogres.fr,www.leprogres.fr,GROUPE PROGRES SA,566,SOCIETE D'INVESTISSEMENTS MEDIAS,96.35M
lequipe.fr,www.lequipe.fr,L'EQUIPE,392,LES EDITIONS P AMAURY,130.50M
lesechos.fr,www.lesechos.fr,LES ECHOS,290,GROUPE LES ECHOS SA,105.64M
lesnumeriques.com,www.lesnumeriques.com,FACTORY ELEVEN,20,TELEVISION FRANCAISE 1,4M
letelegramme.fr,www.letelegramme.fr,VIA MEDIA,76,GROUPE TELEGRAMME MEDIAS,24.53M
letribunaldunet.fr,www.letribunaldunet.fr,SF MEDIA,6,NA,335.56K
lexpress.fr,www.lexpress.fr.ezproxy.library.tufts.edu,GROUPE L' EXPRESS,135,NEXT-NOW,29.23M
liberation.fr,www.liberation.fr,LIBERATION,198,NA,27.86M
liberoquotidiano.it,www.liberoquotidiano.it,EDITORIALE LIBERO SRL,50,FONDAZIONE SAN RAFFAELE,18.89M
libertaddigital.com,www.libertaddigital.com,"LIBERTAD DIGITAL, SA",200,NA,14.09M
lifedaily.com,www.lifedaily.com,"Lifedaily, LLC",6,NA,414.07K
lifehacker.com,www.lifehacker.com,Streamline Cleaning Solutions,3,NA,196.98K
lifesitenews.com,www.lifesitenews.com,Lifesitenews Com Inc,23,NA,1.06M
limburger.nl,www.limburger.nl,L & D,2,NA,218.55K
lindependant.fr,www.lindependant.fr,L'INDEPENDANT DU MIDI,91,SOCIETE DU JOURNAL MIDI LIBRE,28.61M
linkiesta.it,www.linkiesta.it,EDITORIALE LINKIESTA.IT SRL,2,NA,0.64M
linternaute.com,www.linternaute.com,NEWS INTERNATIONAL,3,NA,95.68K
liverpoolecho.co.uk,www.liverpoolecho.co.uk,REACH REGIONALS MEDIA LIMITED,1163,REACH REGIONALS LIMITED,183.47M
livesicilia.it,www.livesicilia.it,LIVESICILIA.IT SRL,5,NA,0.56M
livingstondaily.com,www.livingstondaily.com,Robert C Blakes Enterprises Inc,9,NA,0.73M
ljworld.com,www.ljworld.com,Jennifer K Thomas,5,NA,185.21K
lmtonline.com,www.lmtonline.com,Laredo Musical Theater International Inc,2,NA,222.64K
lne.es,www.lne.es,EDITORIAL PRENSA ASTURIANA SA,140,EPIGRAFICAS SL,20.56M
localconditions.com,www.localconditions.com,Why 5,6,NA,241.76K
lowellsun.com,www.lowellsun.com,Lowell Sun Publishing Company,350,"Medianews Group, Inc.",32.35M
lvz.de,www.lvz.de,Leipziger Verlags- und Druckereigesellschaft mbH & Co. KG,600,Verlagsgesellschaft Madsack GmbH & Co. KG,171.32M
macleans.ca,www.macleans.ca,Rogers Macleans,3,NA,196.98K
manchestereveningnews.co.uk,www.manchestereveningnews.co.uk,GUARDIAN MEDIA GROUP PLC,4314,THE SCOTT TRUST LIMITED,294.13M
marieclaire.co.uk,www.marieclaire.co.uk,Look,4,NA,25.51K
marieclaire.com,www.marieclaire.com,H.M.C. ITALIA SRL,15,HEARST MAGAZINES ITALIA SPA,8.28M
marieclaire.fr,www.marieclaire.fr,HOLDING EVELYNE PROUVOST,3,GROUPE MARIE CLAIRE,1.71M
marketwatch.com,www.marketwatch.com.ezproxy.library.tufts.edu,Profil 3D Inc,3,NA,1.01M
marsactu.fr,www.marsactu.fr,MARSACTU,8,NA,343.20K
maxim.com,www.maxim.com,Maxim Inc.,65,Obh Inc.,59.46M
mcall.com,www.mcall.com,The Morning Call LLC,878,Tribune Publishing Company,159.42M
mdlinx.com,www.mdlinx.com,Mdlinx Inc Ne,9,NA,0.65M
mediamatters.org,www.mediamatters.org,Media Matters For America,2,NA,14.92M
mediapart.fr,www.mediapart.fr,SOCIETE EDITRICE DE MEDIAPART,118,NA,25.21M
mensjournal.com,www.mensjournal.com,Men's Journal LLC,383,Worldwide Media Services Group Inc.,8.14M
merca2.es,www.merca2.es,MERCADOS Y ESTILOS DE VIDA SL.,13,NA,2.97M
mercurynews.com,www.mercurynews.com,"San Jose Mercury-News, LLC",1400,"Medianews Group, Inc.",0.68M
merkur.de,www.merkur.de,Zeitungsvertrieb Fürstenfeldbruck GmbH,633,Zeitungsverlag Oberbayern GmbH & Co. KG,89.86M
meteoam.it,www.meteoam.it,CENTRO NAZIONALE DI METEOROLOGIA E CLIMATOLOGIA AERONAUTICA - AMMINISTRAZIONE,6,MINISTERO DELLA DIFESA,0.83M
meteociel.fr,www.meteociel.fr,METEOCIEL,1,NA,34.18K
meteofrance.com,www.meteofrance.com,METEO-FRANCE,2000,NA,254.87M
metoffice.gov.uk,www.metoffice.gov.uk,Met Office,1879,"Department for Business, Energy & Industrial Strategy",314.18M
metro.co.uk,www.metro.co.uk,J K Fires,2,NA,191.11K
metronews.ca,www.metronews.ca,Central News Co. Limited,17,Lucky Star Holdings Inc,12.44M
metrotimes.com,www.metrotimes.com,The Michigan Metro Times Inc,248,The Scranton Times L P,2.54M
miamiherald.com,www.miamiherald.com,Miami Herald Media Company,3,Jck Legacy Company,0.76M
midilibre.fr,www.midilibre.fr,SOCIETE DU JOURNAL MIDI LIBRE,273,GROUPE LA DEPECHE DU MIDI,73.11M
milanofinanza.it,www.milanofinanza.it,MILANO FINANZA EDITORI SPA,25,CLASS EDITORI SPA,19.13M
militarytimes.com,www.militarytimes.com,Military Times,2,NA,118.21K
mlive.com,www.mlive.com,Mlive.com,19,NA,0.68M
mmnews.de,www.mmnews.de,Dexweb GmbH,2,NA,113.94K
mobiel.nl,www.mobiel.nl,Websend B.V.,91,NA,10.52M
montrealgazette.com,www.montrealgazette.com,Gazette,3,NA,363.35K
mopo.de,www.mopo.de,Morgenpost Verlag GmbH,70,Chronic Capital GmbH,17.25M
morgenpost.de,www.morgenpost.de,FUNKE Medien Berlin GmbH,290,FUNKE Medien Hamburg GmbH,73.74M
mumsnet.com,www.mumsnet.com,MUMSNET LIMITED,69,MNET HOLDINGS LIMITED,7.57M
mundodeportivo.com,www.mundodeportivo.com,EL MUNDO DEPORTIVO SA,102,GRUPO GODO DE COMUNICACION SA,23.24M
mysanantonio.com,www.mysanantonio.com,"MSA Co, LLC",41,NA,1.04M
nabj.org,www.nabj.org,National Association of Black Journalists Inc,20,NA,3.65M
napavalleyregister.com,www.napavalleyregister.com,NAPA Valley Publishing Co,100,NA,6.92M
nashvillescene.com,www.nashvillescene.com,Crea Fmf Nashville LLC,1,Forestar Group Inc.,0.98M
nationalgeographic.com,www.nationalgeographic.com,National Geographic Society,1700,NA,70.47M
nationalpost.com,www.nationalpost.com,National Post News Bureau,2,NA,0.87M
nationalreview.com,www.nationalreview.com.ezproxy.library.tufts.edu,"National Review, Inc.",4,NA,164.71K
nbcnews.com,www.nbcnews.com,NBC News Channel LLC,150,"Nbcuniversal, LLC",50.46M
nbcsports.com,www.nbcsports.com,"NBC Sports Network, L.P.",130,Comcast Corporation,131.44M
netzwelt.de,www.netzwelt.de,netzwelt GmbH,17,NA,2.54M
neworleanscitybusiness.com,www.neworleanscitybusiness.com.ezproxy.library.tufts.edu,"New Orleans Publishing Group, LLC",45,Dolan LLC,9.80M
newrepublic.com,www.newrepublic.com.ezproxy.library.tufts.edu,The New Republic,17,NA,0.66M
news.com.au,www.news.com.au.ezproxy.library.tufts.edu,NEWS AUSTRALIA PTY LIMITED,10600,NEWS AUSTRALIA HOLDINGS PTY LIMITED,5.40B
mtb-news.de,www.mtb-news.de,Thomas Paatz,1,NA,107.03K
news.de,www.news.de,news.de GmbH,1,Mössbauer Lucky Start GmbH,255.49K
newsadvance.com,www.newsadvance.com,Framatome Advanced Nuclear Power,1,NA,0.63M
newsday.com,www.newsday.com,Newsday LLC,899,NA,198.63M
newsmax.com,www.newsmax.com,"Newsmax Media, Inc.",250,NA,127.96M
newsminer.com,www.newsminer.com,Fairbanks Publishing Co Inc,300,NA,19.02M
newspapers.com,www.newspapers.com.ezproxy.library.tufts.edu,Gene Bolts Newspaper,4,NA,84.03K
newstatesman.com,www.newstatesman.com,NEW STATESMAN LIMITED,51,NA,3.21M
newsthump.com,www.newsthump.com,THUMP PUBLISHING LIMITED,1,NA,65.51K
newstimes.com,www.newstimes.com,The News Times,4,NA,0.53M
newsweek.com,www.newsweek.com,Newsweek Magazine LLC,80,NA,13.20M
newswire.ca,www.newswire.ca,Canada News-Wire Ltd,5,NA,0.72M
newswise.com,www.newswise.com,Newswise Inc.,20,NA,2.59M
newyorker.com,www.newyorker.com.ezproxy.library.tufts.edu,NEW YORKER Nederland B.V.,-1,NEW YORKER Nederland B.V.,2.68M
nhregister.com,www.nhregister.com,New Haven Register LLC,590,The Hearst Corporation,100.64M
nola.com,www.nola.com,Nola Media Group,18,NA,1.11M
nordbayern.de,www.nordbayern.de,Nordbayern Infonet GmbH,34,Verlag Nürnberger Presse Druckhaus Nürnberg GmbH & Co. KG,4.60M
northjersey.com,www.northjersey.com,Foundation of Northern New Jersey Inc.,1431,Macromedia Incorporated,12.41K
npr.org,www.npr.org,"National Public Radio, Inc.",741,NA,277.61M
nrc.nl,www.nrc.nl,NRC Media B.V.,9,NA,39.68M
nu.nl,www.mail-me-nu.nl,Mail-Me-Nu.nl,1,NA,117.80K
nuevatribuna.es,www.nuevatribuna.es,PAGINA 7 COMUNICACION SL,2,NA,112.08K
nwac.us,www.nwac.us,Friends of The Northwest Weather and Avalanche Center,7,NA,45.09K
nwitimes.com,www.nwitimes.com,Nwitimes.com,18,NA,1.07M
nydailynews.com,www.nydailynews.com,"Daily News, L.P.",1600,"Trx Pubco, LLC",445.67M
nypost.com,www.nypost.com,"Nyp Holdings, Inc.",464,News Preferred Holdings Inc,74.95M
nytimes.com,www.nytimes.com.ezproxy.library.tufts.edu,New York Times Digital LLC,83,The New York Times Company,8.68M
observer.com,www.observer.com,Observer Disco,5,NA,186.46K
ocregister.com,www.ocregister.com,Oc Register Fac Division,22,NA,0.56M
okdiario.com,www.okdiario.com,DOS MIL PALABRAS SL.,72,NA,9.54M
olympic.org,www.olympic.org,GHANA OLYMPIC COMMITTEE,15,NA,3.41M
ondanews.it,www.ondanews.it,ONDA NEWS SRL,1,NA,176.48K
onwardstate.com,www.onwardstate.com,Exscape Smoke Shop & Vapor Lounge,10,NA,57.19K
oozo.nl,www.oozo.nl,Van de Ven- Blacha Beheer B.V.,1,NA,177.62K
orlandosentinel.com,www.orlandosentinel.com,"Fl-Orlando Sentinel, LLC",11,NA,449.46K
orlandoweekly.com,www.orlandoweekly.com,Hamburger Marys Orlando,23,NA,0.50M
pantagraph.com,www.pantagraph.com,Pantagraph Publishing Co.,42,NA,2.07M
parismatch.com,www.parismatch.com,MM PRIVATE,10,NA,5.67M
parool.nl,www.parool.nl,Het Parool B.V.,163,NA,27.75M
pasadenastarnews.com,www.pasadenastarnews.com,Pasadena Newspapers Inc,365,NA,17.15M
people.com,www.parts-people.com,"Parts-People.com, Inc.",27,NA,3.39M
periodistadigital.com,www.periodistadigital.com,PERIODISTA DIGITAL SL,12,NA,1.21M
phoenixnewtimes.com,www.phoenixnewtimes.com,Phoenix New Times LLC,1,NA,2.85M
pilotonline.com,www.pilotonline.com,"Virginian-Pilot Media Companies, LLC",800,"Tribune Publishing Company, LLC",95.36M
pjstar.com,www.pjstar.com,The Peoria Journal Star Inc,217,"Gannett Co., Inc.",28.60M
plymouthherald.co.uk,www.plymouthherald.co.uk,D C Media,300,NA,19.47M
pnj.com,www.pnj.com,P N J Market,10,NA,0.65M
politico.com,www.politico.com,Politico LLC,126,"Sinclair Television of Capital District, Inc.",22.48M
popularmechanics.com,www.popularmechanics.com,Popular Mechanics Magazine,4,NA,0.72M
postandcourier.com,www.postandcourier.com,Williamsburg County School District,12,NA,47.91M
postbulletin.com,www.postbulletin.com,"Post-Bulletin Company, L.L.C.",200,Small Newspaper Group,22.18M
poynter.org,www.poynter.org,The Poynter Institute For Media Studies Inc,3260,NA,14.90M
pressdemocrat.com,www.pressdemocrat.com,"Santa Rosa Press Democrat Inc, The",400,"Sonoma Media Investments, LLC",75.04M
pressofatlanticcity.com,www.pressofatlanticcity.com,South Jersey Publishing Company,400,NA,49.07M
presstelegram.com,www.presstelegram.com,"Gazette Newspapers, Inc.",20,NA,0.76M
prnewswire.com,www.prnewswire.com,PR Newswire Association LLC,845,Cision US Inc.,78.16M
prosportsdaily.com,www.prosportsdaily.com,NS Sports Media Pros Ltd,30,NA,5.41M
providencejournal.com,www.providencejournal.com,Providence Journal Company Inc,445,Rhode Lmg Island Holdings Inc,147.60M
publico.es,www.publico.es,DISPLAY CONNECTORS SL.,55,NA,4.73M
qctimes.com,www.qctimes.com,"Cookie Lane, LLC",5,NA,56.57K
quotidiano.net,www.quotidiano.net,ROBIN SRL,12,MONRIF SPA,8.08M
rand.org,www.rand.org,The Rand Corporation,1400,NA,239.57M
rasmussenreports.com,www.rasmussenreports.com,Rasmussen Reports LLC,4,NA,398.95K
rbc.ru,www.rbc.ru,"ROSBIZNESKONSALTING, AO",2042,"RBK, PAO",31.83M
readingeagle.com,www.readingeagle.com,RE Liquidation Corp.,425,NA,78.04M
realsimple.com,www.realsimple.com,Real Simple Magazine,20,NA,1.39M
reason.com,www.reason.com,Ronald Bailey,5,NA,82K
redbookmag.com,www.redbookmag.com,Redbook Magazine,15,NA,494.03K
registerguard.com,www.registerguard.com,Guard Publishing Company,275,NA,48.02M
repubblica.it,www.repubblica.it,GEST VIR SRL,15,VIR IMMOBILIARE SPA,0.75M
retenews24.it,www.retenews24.it,EDIMEDIA WEB SRL,1,NA,143.44K
reuters.com,www.reuters.com,REFINITIV (THAILAND) LIMITED,35,REFINITIV HOLDINGS (THAILAND) COMPANY LIMITED,24.65M
reviewjournal.com,www.reviewjournal.com,"Las Vegas Review-Journal, Inc.",450,NA,54M
rgj.com,www.rgj.com,Rgj Inc.,9,NA,0.58M
richmond.com,www.richmond.com,Richmond.com,11,NA,0.56M
riverfronttimes.com,www.riverfronttimes.com,"Lemay Pizza, Inc.",8,NA,147.22K
roanoke.com,www.roanoke.com,"Times-World, LLC",303,"Bh Media Group, Inc.",52.13M
rollcall.com,www.rollcall.com,"Roll-Call, Inc.",8,NA,0.51M
rotowire.com,www.rotowire.com,"Roto Sports, Inc",26,NA,1.42M
rsf.org,www.rsf.org,REPORTERS SANS FRONTIERES,50,NA,2.82M
rtl.fr,www.rtl.fr,RTL FRANCE RADIO,1,METROPOLE TELEVISION,82.54M
rtlnieuws.nl,www.rtlnieuws.nl,Maatschap Selman,2,NA,110.64K
rtve.es,www.rtve.es,CORPORACION DE RADIO Y TELEVISION ESPAÑOLA SA SME.,6537,SOCIEDAD ESTATAL DE PARTICIPACIONES INDUSTRIALES,60.08M
rumble.com,www.rumble.com,Rumble Enterprises Inc.,3,NA,66.38K
runnersworld.com,www.runnersworld.com,HEARST UK LIMITED,48,NATIONAL MAGAZINE COMPANY LIMITED(THE),14.14M
rusvesna.su,rusvesna.su,"SOVREMENNYE INFORMATSIONNYE TEKHNOLOGII, OOO",7,NA,244.17K
sacurrent.com,www.sacurrent.com,Gem Industries,10,NA,2.95M
sandiegoreader.com,www.sandiegoreader.com,"San Diego Holy Ghost Deliverance Interfaith United Ministries, Incorporation",6,NA,53.63K
sandiegouniontribune.com,www.sandiegouniontribune.com,The San Diego Union-Tribune LLC,650,NA,96.13M
sanluisobispo.com,www.sanluisobispo.com,"San Luis Obispo Tribune, LLC",1,Jck Legacy Company,253.40K
santafenewmexican.com,www.santafenewmexican.com,The New Mexican Inc,150,NA,51.16M
savannahnow.com,www.savannahnow.com,Savannah Morning News,55,NA,6.84M
scientias.nl,www.scientias.nl,Scientias.nl B.V.,2,Cornicum B.V.,154.18K
seattlepi.com,www.seattlepi.com,"Hearst Seattle Media, LLC",6,The Hearst Corporation,1.53M
seattletimes.com,www.seattletimes.com,Northeastern University Seattle,36,NA,10.04M
self.com,www.self.com,Gaetan Auto Technique Enr,2,NA,281.04K
sfchronicle.com,www.sfchronicle.com,Lake Clear Chronicle,2,NA,256.02K
sfexaminer.com,www.sfexaminer.com,San Francisco Examiner,12,NA,276.02K
sfweekly.com,www.sfweekly.com,"SF Weekly, LP",12,NA,398.43K
shz.de,www.shz.de,Zustellgesellschaft Schleswig-Holstein mbH,2100,NOZ/mh:n Logistik GmbH & Co. KG,248.08M
singletrackworld.com,www.singletrackworld.com,GOFAR ENTERPRISES LIMITED,12,NA,0.60M
siouxcityjournal.com,www.siouxcityjournal.com,Sioux City Lewis and Clark Association,9,NA,0.61M
skysports.com,www.skysports.com,SKY SPORTS,11,NA,2.15M
slamonline.com,www.slamonline.com,Slam Media Inc.,15,NA,0.68M
slate.fr,www.slate.fr,D.E.M.,3,NA,0.86M
sltrib.com,www.sltrib.com,Salt Lake Tribune,100,"Medianews Group, Inc.",302.42K
smh.com.au,www.smh.com.au,MIDDLE HEAD CAFE PTY LTD,3,NA,439.85K
smi2.ru,smi2.ru,LLC SMI2,30,"MT, OOO",1.48M
southbendtribune.com,www.southbendtribune.com,South Bend Tribune Corp,560,"Schurz Communications, Inc.",24.29K
spectator.co.uk,www.spectator.co.uk,SPECTATOR (1828) LIMITED(THE),74,NA,27.93M
speld.nl,www.speld.nl,De Speld B.V.,2,NA,14.18K
spiegel.de,www.spiegel.de.ezproxy.library.tufts.edu,DER SPIEGEL GmbH & Co. KG,22,SPIEGEL Beteiligungsmanagement GmbH,2.33M
spokesman.com,www.spokesman.com,Cowles Publishing Company,850,NA,104.81M
sport1.de,www.sport1.de,Sport1 GmbH,194,Sport1 Holding GmbH,81.81M
sportingnews.com,www.sportingnews.com,DAZN HOLDCO 1 LIMITED,6,DAZN MEDIA CHANNELS LIMITED,2.62M
stamfordadvocate.com,www.stamfordadvocate.com,"Stamford Anesthesiology Services, P.C.",33,NA,2.44M
standard.co.uk,www.standard.co.uk,EVENING STANDARD LIMITED,320,LEBEDEV HOLDINGS LIMITED,56.13M
stanforddaily.com,www.stanforddaily.com,Governor's Corner Dining Society,7,NA,167.24K
staradvertiser.com,www.staradvertiser.com,The Honolulu Advertiser,11,NA,397.85K
stategazette.com,www.stategazette.com,Carstar Russom's Collision Dyersburg,7,Brad Russom Motor Co,0.77M
statesman.com,www.statesman.com,"Cox Texas Newspapers, LP",1500,"Cox Texas Publications, Inc.",101.07M
statesmanjournal.com,www.statesmanjournal.com,Statesman-Journal Company,1,Gannett Media Corp.,184.98K
stltoday.com,www.stltoday.com,St. Louis Post-Dispatch LLC,663,Pulitzer Inc,94.38M
straight.com,www.straight.com,Vancouver Free Press Publishing Corp,60,NA,9.70M
stripes.com,www.stripes.com,Stripes LLC,750,Energy Transfer LP,146.73M
stuff.co.nz,www.stuff.co.nz,STUFF LIMITED,907,KENEPURU HOLDINGS LIMITED,180.01M
sudouest.fr,www.sudouest.fr,PRESSE ET EDITION DU SUD OUEST,744,GROUPE SUD OUEST SA,147.26M
sueddeutsche.de,www.sueddeutsche.de,Süddeutsche Zeitung GmbH,1200,Süddeutscher Verlag GmbH,383.82M
superdeporte.es,www.superdeporte.es,SUPERDEPORTE EMPRESA EDITORIAL SA,36,EPIGRAFICAS SL,1.44M
swp.de,www.swp.de,Georg Hauser GmbH,271,SPL Südwest Presse Logistik GmbH,15.78M
syracuse.com,www.syracuse.com,Syracuse Medical Properties LLC,7,NA,1.01M
t3n.de,www.t3n.de,yeebase media GmbH,70,Heise Medien GmbH & Co. KG,4.33M
tag24.de,www.tag24.de,TAG24 NEWS Deutschland GmbH,69,DDV Mediengruppe GmbH & Co. KG,7.18M
tagesschau.de,www.tagesschau.de,Andreas M. Isbaner,2,NA,90.13K
tagesspiegel.de,www.tagesspiegel.de,Verlag Der Tagesspiegel GmbH,500,"GMZ Gesellschaft für Medien-, Druck- und Zeitungsverlagsbeteiligungen mbH & Co. KG",56.33M
tallahassee.com,www.tallahassee.com,Tallahassee Democrat,29,NA,5.53M
tampabay.com,www.tampabay.com,Tampa Bay Sports Entertainment LLC,1300,NA,134.87M
taz.de,www.taz.de,TAZ Verlags- und Vertriebsgesellschaft mit beschränkter Haftung Berlin.,254,"taz , die tageszeitung . Verlagsgenossenschaft eG",24.62M
tcpalm.com,www.tcpalm.com,Www Tcpalm Company,22,NA,0.77M
techradar.com,www.techradar.com,APC & Maintenance,12,NA,436.40K
tecnouser.net,www.tecnouser.net,TECNOUSER DI RINALDI MARCO,1,NA,198.29K
telegraaf.nl,www.telegraaf.nl,Telegraaf B.V.,1479,Mediahuis Nederland B.V.,130.58M
telegram.com,www.telegram.com,Worcester Telegram & Gazette Corporation,500,The New York Times Company,84.80M
star-telegram.com,www.star-telegram.com,"Star-Telegram Operating, Ltd.",1800,"Cypress Media, Inc.",134.38M
telegraph.co.uk,www.telegraph.co.uk,TELEGRAPH MEDIA GROUP LIMITED,1047,PRESS ACQUISITIONS LIMITED,336.96M
tennessean.com,www.tennessean.com,Tennessean Gannett Co,1,NA,2.49M
theadvocate.com,www.theadvocate.com,The Advocate,4,NA,180K
theage.com.au,www.theage.com.au.ezproxy.library.tufts.edu,DAVID SYME & CO PTY LIMITED,3350,FAIRFAX MEDIA PUBLICATIONS PTY LIMITED,1.47B
theamericanconservative.com,www.theamericanconservative.com,American Ideas Institute,3,NA,1.48M
theatlantic.com,www.theatlantic.com.ezproxy.library.tufts.edu,ATLANTIC INC,13,NA,2.86M
thecomet.net,www.thecomet.net,Comit24,2,NA,180.27K
theconversation.com,www.theconversation.com,The Conversation US Inc,16,NA,4.94M
thedailybeast.com,www.thedailybeast.com,The Daily Beast Company LLC,300,"Match Group, Inc.",118.05M
theday.com,www.theday.com,The Day Trust,356,NA,64.22M
thedp.com,www.thedp.com,The Daily Pennsylvanian,34,NA,0.63M
theeagle.com,www.theeagle.com,Eagle Printing Company,48,"Harte Hanks, Inc.",3.02M
theglobeandmail.com,www.theglobeandmail.com,Globe and Mail,11,NA,4.59M
theguardian.com,www.theguardian.com,THE SCOTT TRUST LIMITED,2311,NA,294.40M
thehill.com,www.thehill.com,Capitol Hill Publishing,70,NA,22.57M
thehour.com,www.thehour.com,Hour Publishing Company,205,NA,14.47M
theintelligencer.com,www.theintelligencer.com,Edwardsville Publishing Co Inc,73,The Hearst Corporation,10.96M
theledger.com,www.theledger.com,The Ledger,385,"Halifax Media Holdings, LLC",52.66M
themonroetimes.com,www.themonroetimes.com,Monroe Northsider,2,NA,277.56K
thenewdaily.com.au,www.thenewdaily.com.au,THE NEW DAILY PTY LTD,25,INDUSTRY SUPER HOLDINGS PTY. LTD,3.51M
thepostathens.com,www.thepostathens.com,Athens Underground,1,NA,491.64K
theprovince.com,www.theprovince.com,Hub City Driver Training,3,NA,488.23K
therealnews.com,www.therealnews.com,The Real News,4,NA,184.36K
theroot.com,www.theroot.com,The Root,5,NA,486.75K
thescottishsun.co.uk,www.thescottishsun.co.uk,SCOTTISH NEWS NETWORK LIMITED,4,STV SERVICES LIMITED,215.50K
thestar.co.uk,www.thestar.co.uk,Angling Star,250,NA,16.23M
thestar.com,www.thestar.com,Toronto Star Newspapers Limited,1570,Torstar Corporation,299.70M
thestate.com,www.thestate.com,The State Media Company,1,Jck Legacy Company,253.40K
thestranger.com,www.thestranger.com,Index Publishing,92,NA,17.24M
thesun.co.uk,www.thesun.co.uk,THE SUNDAY TIMES LIMITED,1000,TIMES NEWSPAPERS LIMITED,67.75M
thetimes.co.uk,www.thetimes.co.uk,The Sunday Times,300,NA,19.47M
theverge.com,www.theverge.com,Amazon,19,NA,1.03M
theweek.co.uk,www.theweek.co.uk,THE WEEK LIMITED,41,DENNIS PUBLISHING LIMITED,35.98M
theweek.com,www.theweek.com,"Dennis Publishing, Inc.",100,DENNIS PUBLISHING LIMITED,46.64M
thisismoney.co.uk,www.thisismoney.co.uk,MAIL FINANCE SERVICES LIMITED,6,DMG MEDIA LIMITED,1.33M
thrillist.com,www.thrillist.com,Mmetro.com LLC,113,NA,25.18M
tichyseinblick.de,www.tichyseinblick.de,Tichys Einblick GmbH,4,RT Media GmbH,0.85M
tiempo.com,www.tiempo.com,ALPRED SL,20,NA,4.39M
timeout.com,www.timeout.com,TIME OUT GROUP PLC,318,NA,60.38M
timescolonist.com,www.timescolonist.com,TC Publication Limited Partnership,175,NA,28.28M
timesfreepress.com,www.timesfreepress.com,Chattanooga Publishing Company,200,"Wehco Newspapers, Inc.",40.39M
timesunion.com,www.timesunion.com,Newspaper Times Union,44,NA,4.98M
tomsguide.fr,www.tomsguide.fr,GALAXIE MEDIA,50,NA,5.32M
tpi.it,www.tpi.it,THE POST INTERNAZIONALE SRL,8,NA,1.23M
transfermarkt.co.uk,www.transfermarkt.co.uk,DIAMOND SPORTS MANAGEMENT LTD,1,NA,48.41K
treehugger.com,www.treehugger.com,Treehugger Naturals Inc,1,NA,208.62K
trib.com,www.trib.com,Wyoming Financial Publications,18,NA,1.27M
triblive.com,www.triblive.com,"Trib Total Media, LLC",1100,NA,108.24M
tributes.com,www.tributes.com,Tributes,6,NA,133.31K
trouw.nl,www.trouw.nl,Trouw B.V.,124,NA,39.68M
truthdig.com,www.truthdig.com,"Truthdig, LLC",5,NA,0.55M
tsn.ca,www.tsn.ca,CTV Specialty Television Inc,700,Bell Média Inc,230.70M
tubantia.nl,www.tubantia.nl,V.O.F. Café Smudde,2,NA,162.33K
tusciaweb.eu,www.tusciaweb.eu,TUSCIAWEB SRL,1,NA,347.92K
twincities.com,www.twincities.com,Pioneer Press,2,NA,2.27M
tz.de,www.tz.de,Merkur tz Redaktions GmbH & Co.KG,80,NA,12.39M
ukr.net,ukr.net,"DYTYACHA KLINICHNA LIKARNYA N. 8 SHEVCHENKIVSKOGO RAIONU MISTA KYEVA, KP",105,"KYIVSKA MISKA RADA, ORGAN DERZHAVNOI VLADY",8.67M
ultimahora.es,www.ultimahora.es,HORA NOVA SA,123,"ULTIMA HORA, SA",13.43M
uncrate.com,www.uncrate.com,Uncrate Supply LLC,8,NA,3.59M
unilad.co.uk,www.unilad.co.uk,UNILAD GROUP LIMITED,37,LADBIBLE GROUP LIMITED,8.86K
unionesarda.it,www.unionesarda.it,L'UNIONE SARDA SPA,113,NA,25.46M
unionleader.com,www.unionleader.com,Union Leader Corporation,350,NA,70.33M
upi.com,www.upi.com,"United Press International, Inc.",133,"News World Communications, Inc.",9.12M
usnews.com,www.usnews.com.ezproxy.library.tufts.edu,U.S. News & World Report,81,NA,16.20M
vancouversun.com,www.vancouversun.com,"Vancouver Sun, The",5,NA,0.90M
varesenews.it,www.varesenews.it,VARESE WEB SRL,10,NA,1.45M
variety.com,www.variety.com.ezproxy.library.tufts.edu,Variety Inc,75,NA,6.12M
vcstar.com,www.vcstar.com,"Ventura County Star, LLC",3,NA,0.58M
vfiles.com,www.vfiles.com,"Vfiles, LLC",9,NA,1.77M
vice.com,www.vice.com,Vice Media LLC,753,NA,302.11M
villagevoice.com,www.villagevoice.com.ezproxy.library.tufts.edu,Village Voice Media LLC,220,NA,24.02M
vogue.fr,www.vogue.fr,SARL 3D,3,NA,0.56M
volkskrant.nl,www.volkskrant.nl,Servientes B.V.,166,NA,4.75M
vozpopuli.com,www.vozpopuli.com,VOZPOPULI DIGITAL SA.,39,ECOPOLIS DIGITAL SL.,3.59M
vsd.fr,www.vsd.fr,SNC VSD,40,NA,7.65M
walesonline.co.uk,www.walesonline.co.uk,South Wales Echo,900,NA,58.42M
want.nl,www.want.nl,Mediahuis Nederland B.V.,-1,Mediahuis Nederland B.V.,23.63K
washingtoncitypaper.com,www.washingtoncitypaper.com,"MDE City Paper Holdings, LLC",21,NA,2.38M
washingtonexaminer.com,www.washingtonexaminer.com,The Washington Newspaper Publishing Company LLC,200,NA,22.51M
washingtonmonthly.com,www.washingtonmonthly.com,Washington Monthly Publishing LLC,20,NA,1.22M
washingtonpost.com,www.washingtonpost.com.ezproxy.library.tufts.edu,"Washingtonpost.newsweek Interactive Company, LLC",290,NA,49.06M
washingtontimes.com,www.washingtontimes.com,"News World Communications, Inc.",1000,"One Up Enterprises, Inc.",106.61M
waz.de,www.waz.de,Zeitungsverlag Niederrhein Gesellschaft mit beschränkter Haftung,3,FUNKE MEDIEN NRW GmbH,79.61K
wcfcourier.com,www.wcfcourier.com,"Waterloo Courier, Inc.",16,"Lee Publications, Inc.",10.61M
weatherbug.com,www.weatherbug.com,Rain Networks,1,NA,47.72K
weatherforyou.com,www.weatherforyou.com,Weatherforyou.com LLC,1,NA,38.67K
weatherstreet.com,www.weatherstreet.com,Snow & Snow,2,NA,150K
weeklystandard.com,www.weeklystandard.com,The Weekly Standard LLC,22,NA,0.95M
weer.nl,www.weer.nl,MeteoGroup Nederland B.V.,140,MeteoGroup Dutch Holdco B.V.,13.84M
weeronline.nl,www.weeronline.nl,Infoplaza Network B.V.,32,Infoplaza B.V.,2.62M
welingelichtekringen.nl,www.welingelichtekringen.nl,Wel B.V.,10,NA,1.77M
welt.de,www.geruest-welt.de,GERÜST-WELT.DE GmbH,3,RUX GmbH,2.65M
westernjournal.com,www.westernjournal.com,Western Center For Journalism,6,NA,114.90K
westword.com,www.westword.com,"Denver Westword, LLC",5,NA,1.23M
wetter.com,www.wetter.com,wetter.com GmbH,62,Seven.One Entertainment Group GmbH,23.66M
wetteronline.de,www.wetteronline.de,WetterOnline - Meteorologische Dienstleistungen GmbH,141,NA,5.18M
wetterzentrale.de,www.wetterzentrale.de,Zentrale Archiv,4,NA,176.97K
which.co.uk,www.which.co.uk.ezproxy.library.tufts.edu,CONSUMERS' ASSOCIATION,416,NA,119.51M
wickedlocal.com,www.wickedlocal.com,Wellesley Development & Construction Co Inc,16,NA,1.61M
winfuture.de,www.winfuture.de,Sebastian Kuhbach,1,NA,61.97K
winnipegfreepress.com,www.winnipegfreepress.com,FP Canadian Newspapers Limited Partnership,630,NA,120.26M
wired.co.uk,www.wired.co.uk,WIRED POST LTD,2,NA,179.82K
wired.com,www.wet-wired.com,WET-WIRED.COM LTD,2,NA,87.05K
wnd.com,www.wnd.com,"Worldnetdaily.com, Inc.",35,NA,10.90M
womansday.com,www.womansday.com,Day Woman's,9,NA,497.39K
wsj.com,www.wsj.com.ezproxy.library.tufts.edu,The Wall Street Journal Europe,9,NA,2.09M
wsws.org,www.wsws.org,Wsws.org Inc.,17,NA,0.56M
wtop.com,www.wtop.com,"Hubbard Radio Washington Dc, LLC",180,"Hubbard Radio, LLC",26.70M
wunderground.com,www.wunderground.com,"Weather Underground, LLC",150,The Weather Company LLC,4.31M
wvgazettemail.com,www.wvgazettemail.com,"Etbn Group, LLC",295,NA,30.39M
xe.com,www.xe.com,XE.com Inc,128,XE Corporation,29.45M
yakimaherald.com,www.yakimaherald.com,Yakima Valley Umpire Association,9,NA,349.61K
yaledailynews.com,www.yaledailynews.com,Yale Daily News Publishing Co Inc,4,NA,334.68K
yardbarker.com,www.yardbarker.com,Yardbarker Inc.,25,"Fox Sports Interactive Media, LLC",4.11M
yorkshireeveningpost.co.uk,www.yorkshireeveningpost.co.uk,Hi 5's Day Nursery,24,NA,0.75M
zdnet.fr,www.zdnet.fr,DU CLOUD,1,NA,175.58K
zeit.de,www.zeit.de.ezproxy.library.tufts.edu,Zeitverlag Gerd Bucerius GmbH & Co. KG,500,NA,67.21M
pixabay.com,www.pixabay.com,Hans Braxmeier und Simon Steinberger,2,NA,174.63K
aafp.org,www.aafp.org.ezproxy.library.tufts.edu,American Academy of Family Physicians,390,NA,100.50M
abendzeitung-muenchen.de,www.abendzeitung-muenchen.de,"Verlag "" Die Abendzeitung "" Gesellschaft mit beschränkter Haftung & Co.Kommanditgesellschaft",108,NA,34.03M
acbnewsonline.com.au,www.acbnewsonline.com.au,PACIFIC FINANCIAL NEWS PTY. LTD.,3,NA,0.62M
alaraby.co.uk,www.alaraby.co.uk,ALARABY ALJADEED LTD,76,FADAAT MEDIA LIMITED,7.10M
apotheken-umschau.de,www.apotheken-umschau.de,"Herzog-Apotheke Rüdiger Hassmann, Nachfolger Bernd Stelzen e.K.",5,NA,0.68M
asianage.com,www.asianage.com,ASIAN AGE (EASTERN) INDIA PUBLISHERS LIMITED,75,NA,16M
augsburger-allgemeine.de,www.augsburger-allgemeine.de,Druckerei und Verlag Karl Ziegler GmbH,10,Ziegler Verlags OHG,3.65M
badische-zeitung.de,www.badische-zeitung.de,Badischer Verlag GmbH & Co. KG,448,BZ.medien GmbH & Co. KG,87.99M
accc.gov.au,www.accc.gov.au,AUSTRALIAN COMPETITION & CONSUMER COMMISSION,715,DEPARTMENT OF THE TREASURY,130.89M
berliner-zeitung.de,www.berliner-zeitung.de,BV Immobilienverwaltungsgesellschaft Berlin GmbH,57,BV Deutsche Zeitungsholding GmbH,23.21M
bz-berlin.de,www.bz-berlin.de,B.Z. Ullstein GmbH,128,"""Axel Springer Verlag"" Beteiligungsgesellschaft mit beschränkter Haftung",44.14M
ccifrance-international.org,www.ccifrance-international.org,MERLIN INTERNATIONAL EXPORT,12,NA,8.62M
china.com.cn,www.china.com.cn,China Internet Information Center,240,NA,3.66M
chinadaily.com.cn,www.chinadaily.com.cn,China Daily,2000,NA,108.55M
adecco.it,www.adecco.it,ADECCO ITALIA SPA,69103,ADECCO ITALIA HOLDING DI PARTECIPAZIONE E SERVIZI SPA,1.88B
airbnb.co.uk,www.airbnb.co.uk,AIRBNB PAYMENTS UK LIMITED,2,NA,160.40M
core.ac.uk,www.core.ac.uk,Text Core AB,1,NA,42.09K
culture-form.com,www.culture-form.com,CULTURE FORM GmbH,16,NA,1.38M
motors.co.uk,www.motors.co.uk,MOTORS.CO.UK LIMITED,77,GUMTREE.COM LIMITED,15.03M
dailypioneer.com,www.dailypioneer.com,CMYK PRINTECH LIMITED,10,NA,7.18M
deccanchronicle.com,www.deccanchronicle.com,DECCAN CHRONICLE HOLDINGS LIMITED,585,NA,120.68M
alexanderhotels.co.uk,www.alexanderhotels.co.uk,UTOPIA LEISURE LIMITED,401,NA,23.70M
dnaindia.com,www.dnaindia.com,VRRP SPIRITUAL LEARNING (INDIA),20,NA,1.17M
echo.msk.ru,www.echo.msk.ru,"EKHO MOSKVY, AO",188,NA,6.94M
ettoday.net,www.ettoday.net,"ET NEW MEDIA HOLDING CO., LTD.",98,Eastern Media International Corporation,5.25M
financialexpress.com,www.financialexpress.com,VERM INDIA,160,NA,20.03M
freepressjournal.in,www.freepressjournal.in,ASHWAMEDHA ARTS PRIVATE LIMITED,124,NA,2.92M
gironews.com,www.gironews.com,EDITORA FREELY LTDA,7,NA,414.48K
gismeteo.ru,gismeteo.ru,MAPMAKERS GROUP LTD,74,NA,8.72M
globaltimes.cn,www.globaltimes.cn,Global Times Office,265,Beijing People's Daily,46.72M
gq-magazine.co.uk,www.gq-magazine.co.uk,Best Barber,2,NA,60.58K
greaterkashmir.com,www.greaterkashmir.com,JAMMU AND KASHMIR HANDICRAFTS (SALES AND EXPORT) CORPORATION LIMITED,200,GOVERNMENT OF JAMMU & KASHMIR,8.37M
haber7.com,www.haber7.com,NOKTA ELEKTRONIK MEDYA ANONIM SIRKETI,51,YURT HABER AJANSI VE TICARET ANONIM SIRKETI,14.86M
hindustantimes.com,www.hindustantimes.com,HINDUSTAN TIMES.COM PRIVATE LIMITED,200,NA,4.60M
auchan.fr,www.auchan.fr,AUCHAN HYPERMARCHE,49680,AUCHAN RETAIL FRANCE,13.83B
hongkongpost.hk,www.hongkongpost.hk,Hongkong Post,6245,Commerce & Economic Development Bureau,0.65B
indianexpress.com,www.indianexpress.com,INDIAN INDUSTRIAL SECURITY SERVICES PRIVATE LIMITED,471,NA,71.82M
inn.co.il,www.inn.co.il,BESHBA RELIGIOUS PUBLIS WEEKLY NEWSPAPER LTD.,225,7 in Seven Jewish Zionist Communications Ltd,15.94M
ancestry.com,www.ancestry.com,Ancestry.com Holdings LLC,1385,NA,0.81B
audi.de,www.audi.de,Audi Sport GmbH,830,AUDI Aktiengesellschaft,123.88M
levante-emv.com,www.levante-emv.com,EDITORIAL PRENSA VALENCIANA SOCIEDAD ANONIMA,128,EPIGRAFICAS SL,13.44M
manager-magazin.de,www.manager-magazin.de,manager magazin Verlagsgesellschaft mit beschränkter Haftung,51,Rudolf Augstein Gesellschaft mit beschränkter Haftung,15.25M
manoramaonline.com,www.manoramaonline.com,THE MALAYALA MANORAMA COMPANY PRIVATE LIMITED,2484,NA,157.61M
mathrubhumi.com,www.mathrubhumi.com,MATHRUBHOOMI PRESS (EXEMPTED),2480,NA,352.14M
mid-day.com,www.mid-day.com,HOLIDAY INN,8500,NA,300.79M
nationalnewswatch.com,www.nationalnewswatch.com,National Newswatch Inc.,2,NA,444.72K
newindianexpress.com,www.newindianexpress.com,ACE DISTRIBUTORS PRIVATE LIMITED,16,NA,3.01M
news-journal.com,www.news-journal.com,"M. Roberts Media, LLC",140,NA,24.61M
news-journalonline.com,www.news-journalonline.com,News-Journal Corporation,875,NA,68.80M
nownews.com,www.nownews.com,"NOWNEWS NETWORK CO., LTD.",150,"GAMANIA DIGITAL ENTERTAINMENT CO., LTD",16.92M
n-tv.de,www.n-tv.de,ntv Nachrichtenfernsehen GmbH,116,RTL Television GmbH,89.73M
zomato.com,www.zomato.com,ZOMATO LIMITED,3396,NA,230.84M
onedio.com,www.onedio.com,ONEDIO BILISIM YAZILIM MEDYA TEKNOLOJI SANAYI VE TICARET ANONIM SIRKETI,86,NA,4.11M
onet.pl,www.onet.pl,ONET,16,NA,1.04M
ouest-france.fr,www.ouest-france.fr,SOCIETE OUEST FRANCE,2000,SOCIETE D'INVESTISSEMENTS PARTICIPATIONS,349.67M
people.com.cn,www.people.com.cn,"People.Cn Co.,Ltd",3537,NA,338.33M
post.lu,www.post.lu,POST Telecom S.A.,150,POST Luxembourg,0.53B
project-syndicate.org,www.project-syndicate.org,RAMESH SYNDICATE,11,NA,2.03M
prothomalo.com,www.prothomalo.com,PROTHOM ALO,570,NA,109.69M
rappler.com,www.rappler.com,RAPPLER INC.,110,RAPPLER HOLDINGS CORPORATION,5.84M
koerbersfinejewelry.com,www.koerbersfinejewelry.com,Koerber's Gold Exchange,3,NA,0.73M
rediff.com,www.investor.rediff.com,REDIFF. COM INDIA LIMITED,1000,NA,4.98M
rp5.ru,rp5.ru,"RASPISANIE POGODY, OOO",11,NA,11.93K
rp-online.de,www.rp-online.de,Rheinische-Presse Rundfunk GmbH,3,NA,315.51K
sabah.com.tr,www.sabah.com.tr,MERKEZ GAZETE DERGI BASIM YAYINCILIK SANAYI VE TICARET ANONIM SIRKETI,1147,NA,0.54B
siasat.com,www.siasat.com,SIASAT DAILY NEWSPAPER,43,NA,6.11M
sj-r.com,www.sj-r.com,"Gatehouse Media Illinois Holdings II, Inc.",375,"Gannett Co., Inc.",49.43M
snow-forecast.com,www.snow-forecast.com,SNOW-FORECAST.COM LTD,3,NA,166.76K
southhams-today.co.uk,www.southhams-today.co.uk,SOUTH HAMS NEWSPAPERS LIMITED,25,TINDLE NEWSPAPERS LIMITED,1.63M
spiked-online.com,www.spiked-online.com,SPIKED LIMITED,5,NA,203.51K
stuttgarter-zeitung.de,www.stuttgarter-zeitung.de,Stuttgarter Zeitung Verlagsgesellschaft mbH,275,Medienholding Süd GmbH,89.01M
sulekha.com,www.sulekha.com,SULEKHA .COM NEW MEDIA PRIVATE LIMITED,400,Smart Information Worldwide Inc,30.12M
sun-sentinel.com,www.sun-sentinel.com,"Sun-Sentinel Company, LLC",900,Tribune Publishing Company,163.41M
dreamteamfc.com,www.dreamteamfc.com,Dream Team,3,NA,433.85K
thebetterindia.com,www.thebetterindia.com,VARIAR BAKERY,90,NA,20.64M
the-gazette.co.uk,www.the-gazette.co.uk,The Johnstone & Renfrewshire Gazette,30,NA,1.95M
thehindu.com,www.thehindu.com,KASTURI & SONS LIMITED,3000,NA,2.63M
thehindubusinessline.com,www.thehindubusinessline.com,TRUPTI TRADING,17,NA,4.09M
cdkeys.com,www.cdkeys.com,CD Keys GmbH,3,NA,367.29K
thetimes-tribune.com,www.thetimes-tribune.com,The Scranton Times L P,691,NA,63.52M
adidas.com,www.adidas.com,ADIDAS (U.K.) LIMITED,1146,adidas International B.V.,1.34B
chronofhorse.com,www.chronofhorse.com,The Chronicle of The Horse LLC,1,Vistan Corporation,8.07M
tribuneindia.com,www.tribuneindia.com,THE TRIBUNE TRUST,3000,NA,0.64B
tribunnews.com,www.tribunnews.com,PT. TRIBUN DIGITAL ONLINE,84,PT. INDOPERSDA PRIMAMEDIA,16.54M
unisys.com,www.unisys.com,Unisys Corporation,17200,NA,2.05B
weather2umbrella.com,www.weather2umbrella.com,WEATHER2UMBRELLA LTD,1,NA,154.70K
spektrum.de,www.spektrum.de,Spektrum der Wissenschaft Verlagsgesellschaft mbH,70,Springer Nature International GmbH,10.14M
wz-net.de,www.wz-net.de,J. Gronemann GmbH & Co. KG,40,NA,6.76M
xinhuanet.com,www.xinhuanet.com,Xinhua News Agency,10000,NA,0.54B
yonhapnews.co.kr,www.yonhapnews.co.kr,"YONHAP NEWS AGENCY CO.,LTD.",834,NA,254.45M
yr.no,www.yr.no,Yr Corporation,4,NA,187.07K
zougla.gr,www.zougla.gr,ZOUGLA GR S.A.,45,FIDELE REAL ESTATE S.A.,2.07M
iqiyi.com,www.iqiyi.com,"Beijing iQIYI Science & Technology Co., Ltd.",1212,NA,102.09M
livemint.com,www.livemint.com,A B I PRIVATE LIMITED,650,NA,154.05M
telegraphindia.com,www.telegraphindia.com,CHAMURCHI AGRO (INDIA) LIMITED,1055,NA,24.09M
go.com,www.trend-go.com,TREND-GO.COM INC.,50,"JING HUI INVESTMENT CO., LTD.",4.16M
abcnews.go.com,abcnews.go.com,"A B C NEWS INTERCONTINENTAL, INC",60,"ABC News Intercontinental, Inc.",16.17M
giphy.com,www.giphy.com,"Giphy, Inc.",119,"Instagram, LLC",11.11M
ndtv.com,www.ndtv.com,NDTV LABS LIMITED,950,NDTV NETWORKS LIMITED,108.31M
pixnet.net,www.pixnet.net,PIXNET DIGITAL MEDIA CORP.,140,CITE PUBLISHING LIMITED,17.62M
